"country","year","measure","entropy"
"SWE","1989","CAL","0.17823621374796"
"SWE","1993","CAL","0.170780916848463"
"SWE","1997","CAL","0.163494730409542"
"SWE","2001","CAL","0.156208413899095"
"SWE","2005","CAL","0.14960015179427"
"SWE","2009","CAL","0.143525852718564"
"SWE","2013","CAL","0.137938062202614"
"SWE","2017","CAL","0.133027206121254"
"DNK","1989","CAL","0.196921694297889"
"DNK","1993","CAL","0.189552304599185"
"DNK","1997","CAL","0.182404371804829"
"DNK","2001","CAL","0.174988401477554"
"DNK","2005","CAL","0.167586741720789"
"DNK","2009","CAL","0.160917550030589"
"DNK","2013","CAL","0.154643048705529"
"DNK","2017","CAL","0.14858063474985"
"FRATNP","1989","CAL","0.221916782798916"
"FRATNP","1993","CAL","0.212155468969404"
"FRATNP","1997","CAL","0.202890917153336"
"FRATNP","2001","CAL","0.193805360852356"
"FRATNP","2005","CAL","0.185377973466519"
"FRATNP","2009","CAL","0.177810197837976"
"FRATNP","2013","CAL","0.170929809847738"
"FRATNP","2017","CAL","0.164732615848386"
"GBRTENW","1989","CAL","0.189995512730209"
"GBRTENW","1993","CAL","0.180951280630807"
"GBRTENW","1997","CAL","0.172435359610776"
"GBRTENW","2001","CAL","0.16474030952336"
"GBRTENW","2005","CAL","0.157803555718802"
"GBRTENW","2009","CAL","0.152195499757931"
"GBRTENW","2013","CAL","0.147425498746752"
"GBRTENW","2017","CAL","0.143814579561815"
"NOR","1989","CAL","0.186269979944066"
"NOR","1993","CAL","0.178145628467937"
"NOR","1997","CAL","0.170215274083611"
"NOR","2001","CAL","0.162892922361127"
"NOR","2005","CAL","0.155901072529549"
"NOR","2009","CAL","0.149691102045029"
"NOR","2013","CAL","0.144556860772158"
"NOR","2017","CAL","0.139202943132027"
"FIN","1989","CAL","0.215479588897959"
"FIN","1993","CAL","0.202312124277533"
"FIN","1997","CAL","0.19077087750575"
"FIN","2001","CAL","0.180777252096814"
"FIN","2005","CAL","0.173120482919132"
"FIN","2009","CAL","0.167446458502044"
"FIN","2013","CAL","0.161877735677906"
"FIN","2017","CAL","0.156210535224546"
"ITA","1989","CAL","0.236034917923219"
"ITA","1993","CAL","0.22155106845525"
"ITA","1997","CAL","0.208075694274383"
"ITA","2001","CAL","0.195246827149602"
"ITA","2005","CAL","0.183187112175311"
"ITA","2009","CAL","0.172075380163223"
"ITA","2013","CAL","0.162094637172625"
"ITA","2017","CAL","0.153526822033716"
"GBRSCO","1989","CAL","0.20785769665672"
"GBRSCO","1993","CAL","0.197345210426447"
"GBRSCO","1997","CAL","0.188324628692795"
"GBRSCO","2001","CAL","0.180681815509564"
"GBRSCO","2005","CAL","0.173732688264067"
"GBRSCO","2009","CAL","0.168070683990689"
"GBRSCO","2013","CAL","0.162617943759576"
"GBRSCO","2017","CAL","0.158234245755216"
"NLD","1989","CAL","0.185203205908149"
"NLD","1993","CAL","0.175264876295827"
"NLD","1997","CAL","0.166700226598828"
"NLD","2001","CAL","0.159089157278892"
"NLD","2005","CAL","0.152247875266418"
"NLD","2009","CAL","0.146129436331904"
"NLD","2013","CAL","0.140903240429633"
"NLD","2017","CAL","0.136079684354803"
"SWE","1878","e0","0.553754079120879"
"SWE","1879","e0","0.507791277766114"
"SWE","1880","e0","0.52443062581204"
"SWE","1881","e0","0.510168291959906"
"SWE","1882","e0","0.528306545959812"
"SWE","1883","e0","0.517241133178065"
"SWE","1884","e0","0.507293239079975"
"SWE","1885","e0","0.508576946466356"
"SWE","1886","e0","0.485170278037859"
"SWE","1887","e0","0.474754746594551"
"SWE","1888","e0","0.448158000784775"
"SWE","1889","e0","0.448502987659158"
"SWE","1890","e0","0.481106848818256"
"SWE","1891","e0","0.47595345326065"
"SWE","1892","e0","0.468037257625051"
"SWE","1893","e0","0.46771990138582"
"SWE","1894","e0","0.457094052455137"
"SWE","1895","e0","0.426241541555977"
"SWE","1896","e0","0.438662939097022"
"SWE","1897","e0","0.426043626446595"
"SWE","1898","e0","0.419462383283133"
"SWE","1899","e0","0.469920485252525"
"SWE","1900","e0","0.447679215551181"
"SWE","1901","e0","0.446093348499516"
"SWE","1902","e0","0.412269276261682"
"SWE","1903","e0","0.415132871521942"
"SWE","1904","e0","0.40026613239645"
"SWE","1905","e0","0.416446793791157"
"SWE","1906","e0","0.386054501895649"
"SWE","1907","e0","0.37614447475292"
"SWE","1908","e0","0.383159101667271"
"SWE","1909","e0","0.358220189260101"
"SWE","1910","e0","0.367446047138047"
"SWE","1911","e0","0.368278577746329"
"SWE","1912","e0","0.365129287133984"
"SWE","1913","e0","0.353584661885604"
"SWE","1914","e0","0.359410149665846"
"SWE","1915","e0","0.367203385276733"
"SWE","1916","e0","0.361039736647927"
"SWE","1917","e0","0.348336240013906"
"SWE","1918","e0","0.489180287172557"
"SWE","1919","e0","0.389953549572494"
"SWE","1920","e0","0.353762114067385"
"SWE","1921","e0","0.325118642821243"
"SWE","1922","e0","0.309108356443042"
"SWE","1923","e0","0.294710360524611"
"SWE","1924","e0","0.307409936255963"
"SWE","1925","e0","0.300384411772379"
"SWE","1926","e0","0.293546436472686"
"SWE","1927","e0","0.302289483214817"
"SWE","1928","e0","0.298405800784442"
"SWE","1929","e0","0.296945410740559"
"SWE","1930","e0","0.287923556285208"
"SWE","1931","e0","0.28209471917786"
"SWE","1932","e0","0.274516168832407"
"SWE","1933","e0","0.264365526472899"
"SWE","1934","e0","0.263113464755639"
"SWE","1935","e0","0.260210097361809"
"SWE","1936","e0","0.26090572241488"
"SWE","1937","e0","0.261279705613371"
"SWE","1938","e0","0.254682556451109"
"SWE","1939","e0","0.238310279852467"
"SWE","1940","e0","0.233220266365861"
"SWE","1941","e0","0.231224091765601"
"SWE","1942","e0","0.219980438567412"
"SWE","1943","e0","0.223917243629344"
"SWE","1944","e0","0.232382784743202"
"SWE","1945","e0","0.220038317391304"
"SWE","1946","e0","0.202128298858982"
"SWE","1947","e0","0.196293466500805"
"SWE","1948","e0","0.19336056331651"
"SWE","1949","e0","0.188698080152562"
"SWE","1950","e0","0.181675741818182"
"SWE","1951","e0","0.180206638920617"
"SWE","1952","e0","0.178554788838398"
"SWE","1953","e0","0.178819360641772"
"SWE","1954","e0","0.174716690516511"
"SWE","1955","e0","0.17349261234342"
"SWE","1956","e0","0.17343023697858"
"SWE","1957","e0","0.173242933681979"
"SWE","1958","e0","0.167444990339718"
"SWE","1959","e0","0.16867071753283"
"SWE","1960","e0","0.167892678060079"
"SWE","1961","e0","0.167059019402568"
"SWE","1962","e0","0.166089791199552"
"SWE","1963","e0","0.166007888773941"
"SWE","1964","e0","0.167158440938285"
"SWE","1965","e0","0.16414389838305"
"SWE","1966","e0","0.164490333964365"
"SWE","1967","e0","0.164345522644398"
"SWE","1968","e0","0.164762080881328"
"SWE","1969","e0","0.16447633083252"
"SWE","1970","e0","0.165077593216115"
"SWE","1971","e0","0.165009961456162"
"SWE","1972","e0","0.16514002746078"
"SWE","1973","e0","0.161157216006098"
"SWE","1974","e0","0.16136325767313"
"SWE","1975","e0","0.161290307898019"
"SWE","1976","e0","0.159074729282151"
"SWE","1977","e0","0.160354963057589"
"SWE","1978","e0","0.159838913993928"
"SWE","1979","e0","0.159042231282759"
"SWE","1980","e0","0.15647115715856"
"SWE","1981","e0","0.15379717635468"
"SWE","1982","e0","0.152667489935993"
"SWE","1983","e0","0.151011941382589"
"SWE","1984","e0","0.151472241841571"
"SWE","1985","e0","0.149313093317972"
"SWE","1986","e0","0.149752189564747"
"SWE","1987","e0","0.149039980447681"
"SWE","1988","e0","0.148359852961014"
"SWE","1989","e0","0.147390810377106"
"SWE","1990","e0","0.145484924849619"
"SWE","1991","e0","0.144715660173449"
"SWE","1992","e0","0.141768484739915"
"SWE","1993","e0","0.139368771201484"
"SWE","1994","e0","0.139519092902208"
"SWE","1995","e0","0.136525000026254"
"SWE","1996","e0","0.133924873261892"
"SWE","1997","e0","0.133833625580183"
"SWE","1998","e0","0.132824681097958"
"SWE","1999","e0","0.131380571791878"
"SWE","2000","e0","0.130606452390799"
"SWE","2001","e0","0.130586484601496"
"SWE","2002","e0","0.128293570891777"
"SWE","2003","e0","0.128508673109999"
"SWE","2004","e0","0.127600012839821"
"SWE","2005","e0","0.125698014282071"
"SWE","2006","e0","0.125500033701868"
"SWE","2007","e0","0.124532746471557"
"SWE","2008","e0","0.123815948286762"
"SWE","2009","e0","0.123092994756743"
"SWE","2010","e0","0.122122290618712"
"SWE","2011","e0","0.120792119348371"
"SWE","2012","e0","0.119723105108301"
"SWE","2013","e0","0.120050365717853"
"SWE","2014","e0","0.119962150634644"
"SWE","2015","e0","0.119631981175299"
"SWE","2016","e0","0.118911410376071"
"SWE","2017","e0","0.116951418221231"
"DNK","1878","e0","0.537267086813187"
"DNK","1879","e0","0.507477891664917"
"DNK","1880","e0","0.539924744911217"
"DNK","1881","e0","0.501952241629345"
"DNK","1882","e0","0.527467910859342"
"DNK","1883","e0","0.498665023925471"
"DNK","1884","e0","0.502392805444187"
"DNK","1885","e0","0.492177310833686"
"DNK","1886","e0","0.482680566863424"
"DNK","1887","e0","0.480864093149038"
"DNK","1888","e0","0.482424498332352"
"DNK","1889","e0","0.478408203721841"
"DNK","1890","e0","0.495545702118989"
"DNK","1891","e0","0.48339080557238"
"DNK","1892","e0","0.48673728751525"
"DNK","1893","e0","0.493874371359711"
"DNK","1894","e0","0.471956469138237"
"DNK","1895","e0","0.439647966793169"
"DNK","1896","e0","0.43381742401537"
"DNK","1897","e0","0.428340075886928"
"DNK","1898","e0","0.424104926393072"
"DNK","1899","e0","0.468419180808081"
"DNK","1900","e0","0.43423590019685"
"DNK","1901","e0","0.437586146176186"
"DNK","1902","e0","0.405064691401869"
"DNK","1903","e0","0.400806752567694"
"DNK","1904","e0","0.39320609375"
"DNK","1905","e0","0.403604508560677"
"DNK","1906","e0","0.379354112655714"
"DNK","1907","e0","0.373082460736748"
"DNK","1908","e0","0.38697029956506"
"DNK","1909","e0","0.356438723981109"
"DNK","1910","e0","0.358058227892965"
"DNK","1911","e0","0.366506680346719"
"DNK","1912","e0","0.353228270275067"
"DNK","1913","e0","0.343219019590694"
"DNK","1914","e0","0.352928608512135"
"DNK","1915","e0","0.35369853447967"
"DNK","1916","e0","0.360672437807449"
"DNK","1917","e0","0.350905158873631"
"DNK","1918","e0","0.456995845509356"
"DNK","1919","e0","0.380260145533928"
"DNK","1920","e0","0.352180807224731"
"DNK","1921","e0","0.309657396046239"
"DNK","1922","e0","0.304153037695118"
"DNK","1923","e0","0.298238609132124"
"DNK","1924","e0","0.307074045895707"
"DNK","1925","e0","0.296875759008642"
"DNK","1926","e0","0.296399777921867"
"DNK","1927","e0","0.295938596328758"
"DNK","1928","e0","0.296022386991338"
"DNK","1929","e0","0.289416930684976"
"DNK","1930","e0","0.292312621438918"
"DNK","1931","e0","0.289385527593462"
"DNK","1932","e0","0.27421793884035"
"DNK","1933","e0","0.268606579921445"
"DNK","1934","e0","0.26438669702381"
"DNK","1935","e0","0.272796287845477"
"DNK","1936","e0","0.267671865652585"
"DNK","1937","e0","0.26505771926837"
"DNK","1938","e0","0.254601684629803"
"DNK","1939","e0","0.241375165590902"
"DNK","1940","e0","0.226426440195779"
"DNK","1941","e0","0.235210301369863"
"DNK","1942","e0","0.226457637117064"
"DNK","1943","e0","0.225306747119097"
"DNK","1944","e0","0.238124724501511"
"DNK","1945","e0","0.241665584127457"
"DNK","1946","e0","0.218582665740199"
"DNK","1947","e0","0.210086637084736"
"DNK","1948","e0","0.208372014765681"
"DNK","1949","e0","0.199212723287277"
"DNK","1950","e0","0.190034482462419"
"DNK","1951","e0","0.190435489377499"
"DNK","1952","e0","0.189452637688157"
"DNK","1953","e0","0.185106665597047"
"DNK","1954","e0","0.183199987171888"
"DNK","1955","e0","0.180847444757213"
"DNK","1956","e0","0.180955797491545"
"DNK","1957","e0","0.179669411053004"
"DNK","1958","e0","0.175032086397316"
"DNK","1959","e0","0.176184235121542"
"DNK","1960","e0","0.174953552161707"
"DNK","1961","e0","0.175071964544947"
"DNK","1962","e0","0.173495536154709"
"DNK","1963","e0","0.173483669089892"
"DNK","1964","e0","0.172418528399888"
"DNK","1965","e0","0.173157067744633"
"DNK","1966","e0","0.169192145002784"
"DNK","1967","e0","0.170551302713987"
"DNK","1968","e0","0.172583940119928"
"DNK","1969","e0","0.17164660496444"
"DNK","1970","e0","0.172566005053302"
"DNK","1971","e0","0.172634401000417"
"DNK","1972","e0","0.171918580397057"
"DNK","1973","e0","0.169697249168514"
"DNK","1974","e0","0.168211703905817"
"DNK","1975","e0","0.169005391991132"
"DNK","1976","e0","0.16667222522173"
"DNK","1977","e0","0.167412590553791"
"DNK","1978","e0","0.165930353367375"
"DNK","1979","e0","0.165641540455172"
"DNK","1980","e0","0.164586891247595"
"DNK","1981","e0","0.163127933223864"
"DNK","1982","e0","0.163790942148985"
"DNK","1983","e0","0.162368562297976"
"DNK","1984","e0","0.161651566445498"
"DNK","1985","e0","0.162400423692057"
"DNK","1986","e0","0.162081797188429"
"DNK","1987","e0","0.163542917475728"
"DNK","1988","e0","0.160555260650209"
"DNK","1989","e0","0.160142814642953"
"DNK","1990","e0","0.157202572891325"
"DNK","1991","e0","0.157312335943963"
"DNK","1992","e0","0.153771778476645"
"DNK","1993","e0","0.15046654523778"
"DNK","1994","e0","0.151260036540484"
"DNK","1995","e0","0.148588767524285"
"DNK","1996","e0","0.148623475457397"
"DNK","1997","e0","0.146687120990874"
"DNK","1998","e0","0.145327184311175"
"DNK","1999","e0","0.143641925158946"
"DNK","2000","e0","0.144044930136986"
"DNK","2001","e0","0.14151143763219"
"DNK","2002","e0","0.141195060584223"
"DNK","2003","e0","0.14036281174432"
"DNK","2004","e0","0.13956511807275"
"DNK","2005","e0","0.137819619204285"
"DNK","2006","e0","0.138471333371458"
"DNK","2007","e0","0.138237333789434"
"DNK","2008","e0","0.136032301808067"
"DNK","2009","e0","0.132618713095538"
"DNK","2010","e0","0.132721517115191"
"DNK","2011","e0","0.130687651177945"
"DNK","2012","e0","0.129619262363841"
"DNK","2013","e0","0.128091974731586"
"DNK","2014","e0","0.128908076331508"
"DNK","2015","e0","0.12615533690239"
"DNK","2016","e0","0.126240508899094"
"DNK","2017","e0","0.124649488628763"
"FRATNP","1878","e0","0.545993148351648"
"FRATNP","1879","e0","0.511456473861012"
"FRATNP","1880","e0","0.541608431572109"
"FRATNP","1881","e0","0.535942410961825"
"FRATNP","1882","e0","0.538273243907653"
"FRATNP","1883","e0","0.531421017573576"
"FRATNP","1884","e0","0.535258036716607"
"FRATNP","1885","e0","0.527458932712653"
"FRATNP","1886","e0","0.511350525748015"
"FRATNP","1887","e0","0.499077936698718"
"FRATNP","1888","e0","0.486137431822641"
"FRATNP","1889","e0","0.481491537904016"
"FRATNP","1890","e0","0.502746043398533"
"FRATNP","1891","e0","0.489551919442762"
"FRATNP","1892","e0","0.498729139487597"
"FRATNP","1893","e0","0.495699571199036"
"FRATNP","1894","e0","0.477887330506803"
"FRATNP","1895","e0","0.455757389753321"
"FRATNP","1896","e0","0.456268656292027"
"FRATNP","1897","e0","0.452717923543919"
"FRATNP","1898","e0","0.453283190323795"
"FRATNP","1899","e0","0.491849253737374"
"FRATNP","1900","e0","0.468028434055118"
"FRATNP","1901","e0","0.45650413785092"
"FRATNP","1902","e0","0.435637268224299"
"FRATNP","1903","e0","0.433017516153128"
"FRATNP","1904","e0","0.430530508505917"
"FRATNP","1905","e0","0.430884878080903"
"FRATNP","1906","e0","0.418101260155263"
"FRATNP","1907","e0","0.403575872416891"
"FRATNP","1908","e0","0.409568938021022"
"FRATNP","1909","e0","0.384394892426098"
"FRATNP","1910","e0","0.387629335637072"
"FRATNP","1911","e0","0.40655613691845"
"FRATNP","1912","e0","0.390042882697427"
"FRATNP","1913","e0","0.38476544726255"
"FRATNP","1914","e0","0.368444608160394"
"FRATNP","1915","e0","0.35007142360738"
"FRATNP","1916","e0","0.387729924279691"
"FRATNP","1917","e0","0.412981638970972"
"FRATNP","1918","e0","0.455078986486487"
"FRATNP","1919","e0","0.433543940149172"
"FRATNP","1920","e0","0.388495375651268"
"FRATNP","1921","e0","0.365778398559223"
"FRATNP","1922","e0","0.334367480405181"
"FRATNP","1923","e0","0.338614529792746"
"FRATNP","1924","e0","0.333479568514558"
"FRATNP","1925","e0","0.335222983042557"
"FRATNP","1926","e0","0.337502355162911"
"FRATNP","1927","e0","0.332092031916653"
"FRATNP","1928","e0","0.335211287628698"
"FRATNP","1929","e0","0.333672137812653"
"FRATNP","1930","e0","0.321774836150008"
"FRATNP","1931","e0","0.314555018611426"
"FRATNP","1932","e0","0.311496232247816"
"FRATNP","1933","e0","0.302179048703849"
"FRATNP","1934","e0","0.302738401159148"
"FRATNP","1935","e0","0.297157438756281"
"FRATNP","1936","e0","0.297398984709962"
"FRATNP","1937","e0","0.297845416430148"
"FRATNP","1938","e0","0.293796221961887"
"FRATNP","1939","e0","0.281643015783003"
"FRATNP","1940","e0","0.340339087182625"
"FRATNP","1941","e0","0.29082814718417"
"FRATNP","1942","e0","0.286587357703123"
"FRATNP","1943","e0","0.324951791654292"
"FRATNP","1944","e0","0.342135323564955"
"FRATNP","1945","e0","0.323277114353782"
"FRATNP","1946","e0","0.268105431538912"
"FRATNP","1947","e0","0.25570820313186"
"FRATNP","1948","e0","0.238947290872386"
"FRATNP","1949","e0","0.232002345279217"
"FRATNP","1950","e0","0.224914804423765"
"FRATNP","1951","e0","0.219648441690463"
"FRATNP","1952","e0","0.214802140869071"
"FRATNP","1953","e0","0.20796054848786"
"FRATNP","1954","e0","0.208331440079029"
"FRATNP","1955","e0","0.204621105277973"
"FRATNP","1956","e0","0.200677591713642"
"FRATNP","1957","e0","0.201798569257951"
"FRATNP","1958","e0","0.19526965469034"
"FRATNP","1959","e0","0.194799065772562"
"FRATNP","1960","e0","0.190676821841662"
"FRATNP","1961","e0","0.191918029676159"
"FRATNP","1962","e0","0.189595881446188"
"FRATNP","1963","e0","0.188494656927163"
"FRATNP","1964","e0","0.18929156688076"
"FRATNP","1965","e0","0.186109930861444"
"FRATNP","1966","e0","0.188337096185969"
"FRATNP","1967","e0","0.185867091106472"
"FRATNP","1968","e0","0.185328312927067"
"FRATNP","1969","e0","0.185663710779529"
"FRATNP","1970","e0","0.183747741547833"
"FRATNP","1971","e0","0.18388320127831"
"FRATNP","1972","e0","0.184303938442316"
"FRATNP","1973","e0","0.181126405155211"
"FRATNP","1974","e0","0.180697578559557"
"FRATNP","1975","e0","0.178612098933075"
"FRATNP","1976","e0","0.178988036003326"
"FRATNP","1977","e0","0.178881105786494"
"FRATNP","1978","e0","0.175755346867237"
"FRATNP","1979","e0","0.176586071048276"
"FRATNP","1980","e0","0.176099284034075"
"FRATNP","1981","e0","0.172946707307061"
"FRATNP","1982","e0","0.172919297725725"
"FRATNP","1983","e0","0.170415443677849"
"FRATNP","1984","e0","0.170278019634394"
"FRATNP","1985","e0","0.168443743711033"
"FRATNP","1986","e0","0.16823051431468"
"FRATNP","1987","e0","0.167906587729234"
"FRATNP","1988","e0","0.168581403129637"
"FRATNP","1989","e0","0.16719711969778"
"FRATNP","1990","e0","0.166616184841599"
"FRATNP","1991","e0","0.167399208512342"
"FRATNP","1992","e0","0.166154259739915"
"FRATNP","1993","e0","0.164583802834813"
"FRATNP","1994","e0","0.163382952208202"
"FRATNP","1995","e0","0.160516763980047"
"FRATNP","1996","e0","0.157845585180345"
"FRATNP","1997","e0","0.155725527861799"
"FRATNP","1998","e0","0.154030018316638"
"FRATNP","1999","e0","0.152646732762424"
"FRATNP","2000","e0","0.152064614965107"
"FRATNP","2001","e0","0.151959690843436"
"FRATNP","2002","e0","0.150343246145927"
"FRATNP","2003","e0","0.148135774778591"
"FRATNP","2004","e0","0.147354795686024"
"FRATNP","2005","e0","0.145826037273655"
"FRATNP","2006","e0","0.145746973668827"
"FRATNP","2007","e0","0.144187418750792"
"FRATNP","2008","e0","0.142919944291314"
"FRATNP","2009","e0","0.142813419107638"
"FRATNP","2010","e0","0.14189769054326"
"FRATNP","2011","e0","0.141126479548872"
"FRATNP","2012","e0","0.138897920520846"
"FRATNP","2013","e0","0.138264120774032"
"FRATNP","2014","e0","0.137818329143853"
"FRATNP","2015","e0","0.137295642280877"
"FRATNP","2016","e0","0.136385000992925"
"FRATNP","2017","e0","0.135456706750898"
"GBRTENW","1878","e0","0.542391367032967"
"GBRTENW","1879","e0","0.501266492756666"
"GBRTENW","1880","e0","0.53543959679515"
"GBRTENW","1881","e0","0.506880502665814"
"GBRTENW","1882","e0","0.522900367678495"
"GBRTENW","1883","e0","0.508804666737243"
"GBRTENW","1884","e0","0.514924444397552"
"GBRTENW","1885","e0","0.502760877909437"
"GBRTENW","1886","e0","0.48606528190515"
"GBRTENW","1887","e0","0.477625385216346"
"GBRTENW","1888","e0","0.46103418854228"
"GBRTENW","1889","e0","0.470165871694417"
"GBRTENW","1890","e0","0.484011631010595"
"GBRTENW","1891","e0","0.47291483363618"
"GBRTENW","1892","e0","0.478025085603904"
"GBRTENW","1893","e0","0.482679446475196"
"GBRTENW","1894","e0","0.465741444291067"
"GBRTENW","1895","e0","0.451667370018975"
"GBRTENW","1896","e0","0.461869455139289"
"GBRTENW","1897","e0","0.452410432555492"
"GBRTENW","1898","e0","0.450111707078313"
"GBRTENW","1899","e0","0.479081118181818"
"GBRTENW","1900","e0","0.461428893307087"
"GBRTENW","1901","e0","0.454356468151016"
"GBRTENW","1902","e0","0.430669682056075"
"GBRTENW","1903","e0","0.426370266853408"
"GBRTENW","1904","e0","0.427711917529586"
"GBRTENW","1905","e0","0.423464185324553"
"GBRTENW","1906","e0","0.406917178732623"
"GBRTENW","1907","e0","0.395923250673854"
"GBRTENW","1908","e0","0.398850126857557"
"GBRTENW","1909","e0","0.375378702991079"
"GBRTENW","1910","e0","0.377874916356548"
"GBRTENW","1911","e0","0.397995879179197"
"GBRTENW","1912","e0","0.370626515882875"
"GBRTENW","1913","e0","0.3735447528424"
"GBRTENW","1914","e0","0.397747099015125"
"GBRTENW","1915","e0","0.424486494357872"
"GBRTENW","1916","e0","0.41515513756149"
"GBRTENW","1917","e0","0.409060725708326"
"GBRTENW","1918","e0","0.489629526195426"
"GBRTENW","1919","e0","0.385925535746771"
"GBRTENW","1920","e0","0.362528541681139"
"GBRTENW","1921","e0","0.329885897805328"
"GBRTENW","1922","e0","0.323110785619396"
"GBRTENW","1923","e0","0.305024244656736"
"GBRTENW","1924","e0","0.314355881723968"
"GBRTENW","1925","e0","0.310463163867602"
"GBRTENW","1926","e0","0.302247928027233"
"GBRTENW","1927","e0","0.307402153299157"
"GBRTENW","1928","e0","0.30032268037261"
"GBRTENW","1929","e0","0.309668992153016"
"GBRTENW","1930","e0","0.291578786093675"
"GBRTENW","1931","e0","0.293752234342127"
"GBRTENW","1932","e0","0.28259292406672"
"GBRTENW","1933","e0","0.278530087509819"
"GBRTENW","1934","e0","0.276815575657895"
"GBRTENW","1935","e0","0.268922145885678"
"GBRTENW","1936","e0","0.269940614407314"
"GBRTENW","1937","e0","0.267245436770735"
"GBRTENW","1938","e0","0.260044904154952"
"GBRTENW","1939","e0","0.245279869986169"
"GBRTENW","1940","e0","0.274415097583359"
"GBRTENW","1941","e0","0.275366635844749"
"GBRTENW","1942","e0","0.271117393517833"
"GBRTENW","1943","e0","0.278681228838729"
"GBRTENW","1944","e0","0.289688184546828"
"GBRTENW","1945","e0","0.299572796009529"
"GBRTENW","1946","e0","0.221140421737858"
"GBRTENW","1947","e0","0.215024168959461"
"GBRTENW","1948","e0","0.205172365248738"
"GBRTENW","1949","e0","0.197472419905009"
"GBRTENW","1950","e0","0.191540640143164"
"GBRTENW","1951","e0","0.187167267304397"
"GBRTENW","1952","e0","0.185546961204203"
"GBRTENW","1953","e0","0.183187376813858"
"GBRTENW","1954","e0","0.178923277250917"
"GBRTENW","1955","e0","0.176594741956369"
"GBRTENW","1956","e0","0.175146743066516"
"GBRTENW","1957","e0","0.178469548918728"
"GBRTENW","1958","e0","0.173270899175171"
"GBRTENW","1959","e0","0.173377773260687"
"GBRTENW","1960","e0","0.175663767195396"
"GBRTENW","1961","e0","0.172958536404243"
"GBRTENW","1962","e0","0.173159072295404"
"GBRTENW","1963","e0","0.171440277058577"
"GBRTENW","1964","e0","0.1750246390673"
"GBRTENW","1965","e0","0.172801455059939"
"GBRTENW","1966","e0","0.17105999373608"
"GBRTENW","1967","e0","0.170939231927627"
"GBRTENW","1968","e0","0.168156095105285"
"GBRTENW","1969","e0","0.169987890252406"
"GBRTENW","1970","e0","0.168931336508376"
"GBRTENW","1971","e0","0.169207579449771"
"GBRTENW","1972","e0","0.166427736609746"
"GBRTENW","1973","e0","0.166425313303769"
"GBRTENW","1974","e0","0.165476668102493"
"GBRTENW","1975","e0","0.163798717541915"
"GBRTENW","1976","e0","0.161662325388027"
"GBRTENW","1977","e0","0.162038028863417"
"GBRTENW","1978","e0","0.162011635937069"
"GBRTENW","1979","e0","0.160413246206897"
"GBRTENW","1980","e0","0.158901199670239"
"GBRTENW","1981","e0","0.156854342993979"
"GBRTENW","1982","e0","0.154813649434836"
"GBRTENW","1983","e0","0.153524298899905"
"GBRTENW","1984","e0","0.153330826865267"
"GBRTENW","1985","e0","0.150885936215777"
"GBRTENW","1986","e0","0.151610359691809"
"GBRTENW","1987","e0","0.152534377359763"
"GBRTENW","1988","e0","0.152211864697154"
"GBRTENW","1989","e0","0.148746654319337"
"GBRTENW","1990","e0","0.150150420679054"
"GBRTENW","1991","e0","0.148086908659106"
"GBRTENW","1992","e0","0.146405121947983"
"GBRTENW","1993","e0","0.143935044959597"
"GBRTENW","1994","e0","0.144033554600421"
"GBRTENW","1995","e0","0.142675117904962"
"GBRTENW","1996","e0","0.142530379247256"
"GBRTENW","1997","e0","0.14150373327249"
"GBRTENW","1998","e0","0.140991739560297"
"GBRTENW","1999","e0","0.140043087894122"
"GBRTENW","2000","e0","0.139490979981907"
"GBRTENW","2001","e0","0.138740310987877"
"GBRTENW","2002","e0","0.137999562115558"
"GBRTENW","2003","e0","0.136608189526377"
"GBRTENW","2004","e0","0.135846313682195"
"GBRTENW","2005","e0","0.135017934914563"
"GBRTENW","2006","e0","0.13619012488245"
"GBRTENW","2007","e0","0.135342923109084"
"GBRTENW","2008","e0","0.134485118447338"
"GBRTENW","2009","e0","0.133990847643055"
"GBRTENW","2010","e0","0.132503749748491"
"GBRTENW","2011","e0","0.131718265263158"
"GBRTENW","2012","e0","0.129295516263929"
"GBRTENW","2013","e0","0.129142599875156"
"GBRTENW","2014","e0","0.129400433648581"
"GBRTENW","2015","e0","0.128485998829681"
"GBRTENW","2016","e0","0.129236573091722"
"GBRTENW","2017","e0","0.12846126297535"
"NOR","1878","e0","0.531868414285714"
"NOR","1879","e0","0.491606626076002"
"NOR","1880","e0","0.510593127977479"
"NOR","1881","e0","0.50790515674984"
"NOR","1882","e0","0.545466596836255"
"NOR","1883","e0","0.524009398687275"
"NOR","1884","e0","0.517972424140114"
"NOR","1885","e0","0.508334533855269"
"NOR","1886","e0","0.485236099124771"
"NOR","1887","e0","0.480377143629808"
"NOR","1888","e0","0.474801293898372"
"NOR","1889","e0","0.488528528697356"
"NOR","1890","e0","0.50928849205379"
"NOR","1891","e0","0.490605568342419"
"NOR","1892","e0","0.491054298901993"
"NOR","1893","e0","0.485638230970074"
"NOR","1894","e0","0.483678768290278"
"NOR","1895","e0","0.450832241366224"
"NOR","1896","e0","0.454078027857829"
"NOR","1897","e0","0.442414818250806"
"NOR","1898","e0","0.437371366340361"
"NOR","1899","e0","0.482856596969697"
"NOR","1900","e0","0.449803608070866"
"NOR","1901","e0","0.443374871829622"
"NOR","1902","e0","0.414726331476636"
"NOR","1903","e0","0.419881962054155"
"NOR","1904","e0","0.405787621412722"
"NOR","1905","e0","0.420403037253057"
"NOR","1906","e0","0.394369852861527"
"NOR","1907","e0","0.386487913746631"
"NOR","1908","e0","0.396357663754984"
"NOR","1909","e0","0.375661309253105"
"NOR","1910","e0","0.373606839199008"
"NOR","1911","e0","0.376800718202724"
"NOR","1912","e0","0.37594428216504"
"NOR","1913","e0","0.366195700262375"
"NOR","1914","e0","0.372711908547309"
"NOR","1915","e0","0.368911028121082"
"NOR","1916","e0","0.375234255727337"
"NOR","1917","e0","0.365453076221102"
"NOR","1918","e0","0.495602724532224"
"NOR","1919","e0","0.390155301073313"
"NOR","1920","e0","0.359644347620702"
"NOR","1921","e0","0.323986708158821"
"NOR","1922","e0","0.321985455297243"
"NOR","1923","e0","0.304342756314767"
"NOR","1924","e0","0.310550717108077"
"NOR","1925","e0","0.308714995597587"
"NOR","1926","e0","0.299484671988977"
"NOR","1927","e0","0.305517742847693"
"NOR","1928","e0","0.297601648962249"
"NOR","1929","e0","0.303928401471309"
"NOR","1930","e0","0.293428461966844"
"NOR","1931","e0","0.28461702670335"
"NOR","1932","e0","0.277453911675933"
"NOR","1933","e0","0.270530967572663"
"NOR","1934","e0","0.264767760620301"
"NOR","1935","e0","0.263980631281407"
"NOR","1936","e0","0.265341830327869"
"NOR","1937","e0","0.265079564932198"
"NOR","1938","e0","0.256287416307404"
"NOR","1939","e0","0.242921744736438"
"NOR","1940","e0","0.266799507066381"
"NOR","1941","e0","0.2668480043379"
"NOR","1942","e0","0.267720406926151"
"NOR","1943","e0","0.269049756192456"
"NOR","1944","e0","0.277657728851964"
"NOR","1945","e0","0.252087676816557"
"NOR","1946","e0","0.23151148763897"
"NOR","1947","e0","0.220300756475926"
"NOR","1948","e0","0.209538590656092"
"NOR","1949","e0","0.200231182297064"
"NOR","1950","e0","0.195375594731568"
"NOR","1951","e0","0.196201844717304"
"NOR","1952","e0","0.190505352257881"
"NOR","1953","e0","0.186491230441573"
"NOR","1954","e0","0.183550674146204"
"NOR","1955","e0","0.183066654553132"
"NOR","1956","e0","0.180565373027057"
"NOR","1957","e0","0.183184948438163"
"NOR","1958","e0","0.178053058185377"
"NOR","1959","e0","0.179065214277731"
"NOR","1960","e0","0.177899962914093"
"NOR","1961","e0","0.176138717867113"
"NOR","1962","e0","0.177596078993834"
"NOR","1963","e0","0.172873493946596"
"NOR","1964","e0","0.175335281904496"
"NOR","1965","e0","0.176137279272372"
"NOR","1966","e0","0.170104933017817"
"NOR","1967","e0","0.172446132052888"
"NOR","1968","e0","0.171604732673267"
"NOR","1969","e0","0.172356838237345"
"NOR","1970","e0","0.170549013706216"
"NOR","1971","e0","0.170894010421009"
"NOR","1972","e0","0.169242735054838"
"NOR","1973","e0","0.168041161141907"
"NOR","1974","e0","0.168263892493075"
"NOR","1975","e0","0.167399589677151"
"NOR","1976","e0","0.164793922879712"
"NOR","1977","e0","0.16425945584864"
"NOR","1978","e0","0.162611532045266"
"NOR","1979","e0","0.163432041241379"
"NOR","1980","e0","0.16343510348997"
"NOR","1981","e0","0.158214356855501"
"NOR","1982","e0","0.161014135966226"
"NOR","1983","e0","0.159108507320386"
"NOR","1984","e0","0.156399274123223"
"NOR","1985","e0","0.158774383369477"
"NOR","1986","e0","0.158110249932414"
"NOR","1987","e0","0.157541183387271"
"NOR","1988","e0","0.156536874531229"
"NOR","1989","e0","0.153628677520727"
"NOR","1990","e0","0.151250240475872"
"NOR","1991","e0","0.148577598078719"
"NOR","1992","e0","0.14745814670913"
"NOR","1993","e0","0.142754859345609"
"NOR","1994","e0","0.142634240878023"
"NOR","1995","e0","0.140593615148333"
"NOR","1996","e0","0.139724175065342"
"NOR","1997","e0","0.138137586883963"
"NOR","1998","e0","0.139899203876675"
"NOR","1999","e0","0.137129552303101"
"NOR","2000","e0","0.13818327348152"
"NOR","2001","e0","0.1362959176683"
"NOR","2002","e0","0.134032118131515"
"NOR","2003","e0","0.133293088152997"
"NOR","2004","e0","0.132539681940013"
"NOR","2005","e0","0.130565499081867"
"NOR","2006","e0","0.130621605769475"
"NOR","2007","e0","0.126708418852147"
"NOR","2008","e0","0.126803102162094"
"NOR","2009","e0","0.128077966901941"
"NOR","2010","e0","0.126032195070423"
"NOR","2011","e0","0.126117084786967"
"NOR","2012","e0","0.12260117136597"
"NOR","2013","e0","0.123003874706617"
"NOR","2014","e0","0.121165150609756"
"NOR","2015","e0","0.119247341919821"
"NOR","2016","e0","0.119155974928633"
"NOR","2017","e0","0.117278534596804"
"FIN","1878","e0","0.562493607032967"
"FIN","1879","e0","0.515886812933025"
"FIN","1880","e0","0.546315621914249"
"FIN","1881","e0","0.554680505011729"
"FIN","1882","e0","0.560290479905943"
"FIN","1883","e0","0.538697950455219"
"FIN","1884","e0","0.52984229605402"
"FIN","1885","e0","0.537802964663563"
"FIN","1886","e0","0.524504457968655"
"FIN","1887","e0","0.490344262419872"
"FIN","1888","e0","0.470128195605258"
"FIN","1889","e0","0.481444018805093"
"FIN","1890","e0","0.506175004889976"
"FIN","1891","e0","0.514155735917626"
"FIN","1892","e0","0.519546102074014"
"FIN","1893","e0","0.491840265515164"
"FIN","1894","e0","0.483735751528298"
"FIN","1895","e0","0.450661930740038"
"FIN","1896","e0","0.462806342939481"
"FIN","1897","e0","0.445717063365585"
"FIN","1898","e0","0.4492265625"
"FIN","1899","e0","0.501331007676768"
"FIN","1900","e0","0.505468447834646"
"FIN","1901","e0","0.494376811229429"
"FIN","1902","e0","0.45277409046729"
"FIN","1903","e0","0.456819970681606"
"FIN","1904","e0","0.441309984097633"
"FIN","1905","e0","0.459432076575729"
"FIN","1906","e0","0.440209823072757"
"FIN","1907","e0","0.425647018328841"
"FIN","1908","e0","0.436589157484596"
"FIN","1909","e0","0.408338907119118"
"FIN","1910","e0","0.42025701010101"
"FIN","1911","e0","0.411554120113214"
"FIN","1912","e0","0.407744157586513"
"FIN","1913","e0","0.401500627252055"
"FIN","1914","e0","0.399096290714034"
"FIN","1915","e0","0.401270841483074"
"FIN","1916","e0","0.404895070449754"
"FIN","1917","e0","0.400577507735095"
"FIN","1918","e0","0.417648023908524"
"FIN","1919","e0","0.446337171730035"
"FIN","1920","e0","0.411285730809309"
"FIN","1921","e0","0.36480423605294"
"FIN","1922","e0","0.360838396213882"
"FIN","1923","e0","0.355962457253886"
"FIN","1924","e0","0.367668931567692"
"FIN","1925","e0","0.347997693950758"
"FIN","1926","e0","0.342786352082996"
"FIN","1927","e0","0.359050164048288"
"FIN","1928","e0","0.344824401045922"
"FIN","1929","e0","0.355760483733856"
"FIN","1930","e0","0.337548085144053"
"FIN","1931","e0","0.328707609645574"
"FIN","1932","e0","0.320275006783161"
"FIN","1933","e0","0.318329347211312"
"FIN","1934","e0","0.321548307800752"
"FIN","1935","e0","0.308345398523869"
"FIN","1936","e0","0.30710435296343"
"FIN","1937","e0","0.312392803847367"
"FIN","1938","e0","0.306855270321774"
"FIN","1939","e0","0.325500830643922"
"FIN","1940","e0","0.340504849954114"
"FIN","1941","e0","0.330775195235921"
"FIN","1942","e0","0.319723628237383"
"FIN","1943","e0","0.315072906222156"
"FIN","1944","e0","0.35244764429003"
"FIN","1945","e0","0.301221661703395"
"FIN","1946","e0","0.273843423112932"
"FIN","1947","e0","0.26907231303966"
"FIN","1948","e0","0.256635596611392"
"FIN","1949","e0","0.250422071243523"
"FIN","1950","e0","0.229397975490336"
"FIN","1951","e0","0.214464533837807"
"FIN","1952","e0","0.206249480346492"
"FIN","1953","e0","0.205311204032373"
"FIN","1954","e0","0.201265197008185"
"FIN","1955","e0","0.199193584658691"
"FIN","1956","e0","0.196877889092446"
"FIN","1957","e0","0.198707821427562"
"FIN","1958","e0","0.190635933370614"
"FIN","1959","e0","0.192918260491757"
"FIN","1960","e0","0.189682425982594"
"FIN","1961","e0","0.189414429787828"
"FIN","1962","e0","0.185860294142377"
"FIN","1963","e0","0.186073110890535"
"FIN","1964","e0","0.184408668681932"
"FIN","1965","e0","0.183283313242264"
"FIN","1966","e0","0.179173857154788"
"FIN","1967","e0","0.178692603479471"
"FIN","1968","e0","0.177857839380839"
"FIN","1969","e0","0.179632604099847"
"FIN","1970","e0","0.17864260902672"
"FIN","1971","e0","0.179622019035709"
"FIN","1972","e0","0.181045585839234"
"FIN","1973","e0","0.178237068195676"
"FIN","1974","e0","0.177098416315789"
"FIN","1975","e0","0.176907568768186"
"FIN","1976","e0","0.174811235559867"
"FIN","1977","e0","0.1738854916448"
"FIN","1978","e0","0.170854570825283"
"FIN","1979","e0","0.171249861724138"
"FIN","1980","e0","0.166738550357241"
"FIN","1981","e0","0.167381488341544"
"FIN","1982","e0","0.165631182432248"
"FIN","1983","e0","0.161279861958441"
"FIN","1984","e0","0.163795041137441"
"FIN","1985","e0","0.159822824125779"
"FIN","1986","e0","0.163864307975128"
"FIN","1987","e0","0.163412069053398"
"FIN","1988","e0","0.164168348684743"
"FIN","1989","e0","0.164007066916288"
"FIN","1990","e0","0.161815534821548"
"FIN","1991","e0","0.162303445176784"
"FIN","1992","e0","0.157520842515924"
"FIN","1993","e0","0.153618724466817"
"FIN","1994","e0","0.154605731125131"
"FIN","1995","e0","0.152620755513258"
"FIN","1996","e0","0.15121122156299"
"FIN","1997","e0","0.150508742007823"
"FIN","1998","e0","0.148793960088461"
"FIN","1999","e0","0.148473530712339"
"FIN","2000","e0","0.147398120703024"
"FIN","2001","e0","0.146091496517926"
"FIN","2002","e0","0.144056201338309"
"FIN","2003","e0","0.144514034501348"
"FIN","2004","e0","0.146954239412891"
"FIN","2005","e0","0.146844492744198"
"FIN","2006","e0","0.144599254670225"
"FIN","2007","e0","0.145464616330926"
"FIN","2008","e0","0.144482644228095"
"FIN","2009","e0","0.142031556100328"
"FIN","2010","e0","0.140260509821429"
"FIN","2011","e0","0.138229798596491"
"FIN","2012","e0","0.135805451884312"
"FIN","2013","e0","0.13450202928839"
"FIN","2014","e0","0.132762695097063"
"FIN","2015","e0","0.130315472858566"
"FIN","2016","e0","0.130128618232593"
"FIN","2017","e0","0.129846827672489"
"ITA","1878","e0","0.585953515604396"
"ITA","1879","e0","0.55823591538946"
"ITA","1880","e0","0.569389546990039"
"ITA","1881","e0","0.580959524632118"
"ITA","1882","e0","0.586610182984181"
"ITA","1883","e0","0.577387616557273"
"ITA","1884","e0","0.572170004979954"
"ITA","1885","e0","0.573606900126957"
"ITA","1886","e0","0.549539206187665"
"ITA","1887","e0","0.541264714142628"
"ITA","1888","e0","0.523999858936629"
"ITA","1889","e0","0.520391166503428"
"ITA","1890","e0","0.536497195191524"
"ITA","1891","e0","0.533423218251565"
"ITA","1892","e0","0.527481480276535"
"ITA","1893","e0","0.521389157461338"
"ITA","1894","e0","0.513047137842635"
"ITA","1895","e0","0.496670363377609"
"ITA","1896","e0","0.500460942555235"
"ITA","1897","e0","0.489458844431797"
"ITA","1898","e0","0.483546823418675"
"ITA","1899","e0","0.510832428282828"
"ITA","1900","e0","0.499019783070866"
"ITA","1901","e0","0.48575797018393"
"ITA","1902","e0","0.47767399364486"
"ITA","1903","e0","0.46978446031746"
"ITA","1904","e0","0.466265337093195"
"ITA","1905","e0","0.470222510630292"
"ITA","1906","e0","0.452424839682253"
"ITA","1907","e0","0.442860539982031"
"ITA","1908","e0","0.454457895070678"
"ITA","1909","e0","0.431593390764387"
"ITA","1910","e0","0.432889573099415"
"ITA","1911","e0","0.434853142579161"
"ITA","1912","e0","0.42454086743567"
"ITA","1913","e0","0.419069695644569"
"ITA","1914","e0","0.410651644917341"
"ITA","1915","e0","0.459237385276733"
"ITA","1916","e0","0.452467646345748"
"ITA","1917","e0","0.424663059273423"
"ITA","1918","e0","0.470536422869023"
"ITA","1919","e0","0.461137233218119"
"ITA","1920","e0","0.430981944251476"
"ITA","1921","e0","0.4002253246775"
"ITA","1922","e0","0.381372875622717"
"ITA","1923","e0","0.371073119818653"
"ITA","1924","e0","0.372210227669025"
"ITA","1925","e0","0.37040309620088"
"ITA","1926","e0","0.370463870805641"
"ITA","1927","e0","0.370254545229039"
"ITA","1928","e0","0.362990209184507"
"ITA","1929","e0","0.360707436815432"
"ITA","1930","e0","0.351358549975857"
"ITA","1931","e0","0.346108616119113"
"ITA","1932","e0","0.340543531691819"
"ITA","1933","e0","0.329952588059701"
"ITA","1934","e0","0.32754598339599"
"ITA","1935","e0","0.32846962013191"
"ITA","1936","e0","0.32510211648802"
"ITA","1937","e0","0.335755982497635"
"ITA","1938","e0","0.326471373008435"
"ITA","1939","e0","0.310546043184263"
"ITA","1940","e0","0.31397157907617"
"ITA","1941","e0","0.336154943226788"
"ITA","1942","e0","0.342886730649697"
"ITA","1943","e0","0.357303882387882"
"ITA","1944","e0","0.344131947432024"
"ITA","1945","e0","0.334985461435378"
"ITA","1946","e0","0.297996191925102"
"ITA","1947","e0","0.279610623152349"
"ITA","1948","e0","0.258065884643115"
"ITA","1949","e0","0.249439197553253"
"ITA","1950","e0","0.238621072584109"
"ITA","1951","e0","0.233023470302684"
"ITA","1952","e0","0.227383003180915"
"ITA","1953","e0","0.22061340905864"
"ITA","1954","e0","0.218222391038668"
"ITA","1955","e0","0.21489929583392"
"ITA","1956","e0","0.207203170659527"
"ITA","1957","e0","0.214284635392226"
"ITA","1958","e0","0.209816147560464"
"ITA","1959","e0","0.208696774378318"
"ITA","1960","e0","0.204753985457608"
"ITA","1961","e0","0.204206423757677"
"ITA","1962","e0","0.202559120235426"
"ITA","1963","e0","0.201485819991612"
"ITA","1964","e0","0.198831622982407"
"ITA","1965","e0","0.193908959604126"
"ITA","1966","e0","0.192814366314031"
"ITA","1967","e0","0.190570919902575"
"ITA","1968","e0","0.188792655836006"
"ITA","1969","e0","0.190454236647608"
"ITA","1970","e0","0.18600258274955"
"ITA","1971","e0","0.185825661747951"
"ITA","1972","e0","0.185067178314591"
"ITA","1973","e0","0.179858621757206"
"ITA","1974","e0","0.177114775983379"
"ITA","1975","e0","0.174056623250658"
"ITA","1976","e0","0.172295585878603"
"ITA","1977","e0","0.170510686535009"
"ITA","1978","e0","0.169744224123654"
"ITA","1979","e0","0.168284980965517"
"ITA","1980","e0","0.166725684336356"
"ITA","1981","e0","0.164043357525999"
"ITA","1982","e0","0.162954770448046"
"ITA","1983","e0","0.159325662012767"
"ITA","1984","e0","0.159622526743399"
"ITA","1985","e0","0.157453951802657"
"ITA","1986","e0","0.15635528855096"
"ITA","1987","e0","0.15698556407767"
"ITA","1988","e0","0.156333641980305"
"ITA","1989","e0","0.155324948702862"
"ITA","1990","e0","0.155445058267611"
"ITA","1991","e0","0.156039928912608"
"ITA","1992","e0","0.155527472943206"
"ITA","1993","e0","0.151783998542853"
"ITA","1994","e0","0.150071844584648"
"ITA","1995","e0","0.150072276713048"
"ITA","1996","e0","0.147896524908521"
"ITA","1997","e0","0.144859277535854"
"ITA","1998","e0","0.142894447716925"
"ITA","1999","e0","0.141542189931231"
"ITA","2000","e0","0.139764492827604"
"ITA","2001","e0","0.139524442752128"
"ITA","2002","e0","0.138150361768112"
"ITA","2003","e0","0.133289656488256"
"ITA","2004","e0","0.134119734039566"
"ITA","2005","e0","0.131463365978067"
"ITA","2006","e0","0.131127231541492"
"ITA","2007","e0","0.129077150791841"
"ITA","2008","e0","0.127457740687824"
"ITA","2009","e0","0.12642675018906"
"ITA","2010","e0","0.124624598566398"
"ITA","2011","e0","0.123618552807018"
"ITA","2012","e0","0.122005188894453"
"ITA","2013","e0","0.121738474257179"
"ITA","2014","e0","0.120834277078148"
"ITA","2015","e0","0.119897629133466"
"ITA","2016","e0","0.119553444929875"
"ITA","2017","e0","0.119522178843057"
"GBRSCO","1878","e0","0.541842143956044"
"GBRSCO","1879","e0","0.499360609699769"
"GBRSCO","1880","e0","0.537328326331745"
"GBRSCO","1881","e0","0.514419309874174"
"GBRSCO","1882","e0","0.52615172851646"
"GBRSCO","1883","e0","0.511903090620369"
"GBRSCO","1884","e0","0.515815009495674"
"GBRSCO","1885","e0","0.511234392170969"
"GBRSCO","1886","e0","0.484661863016487"
"GBRSCO","1887","e0","0.486605449519231"
"GBRSCO","1888","e0","0.460579710417893"
"GBRSCO","1889","e0","0.470245007443683"
"GBRSCO","1890","e0","0.495861863488183"
"GBRSCO","1891","e0","0.47262994205532"
"GBRSCO","1892","e0","0.476296595160634"
"GBRSCO","1893","e0","0.487731255272143"
"GBRSCO","1894","e0","0.462226965687241"
"GBRSCO","1895","e0","0.451646333776091"
"GBRSCO","1896","e0","0.450954630739673"
"GBRSCO","1897","e0","0.451327323088598"
"GBRSCO","1898","e0","0.44829367940512"
"GBRSCO","1899","e0","0.471009456565657"
"GBRSCO","1900","e0","0.456076477559055"
"GBRSCO","1901","e0","0.453383915779284"
"GBRSCO","1902","e0","0.422854365420561"
"GBRSCO","1903","e0","0.424083445564893"
"GBRSCO","1904","e0","0.423187090051775"
"GBRSCO","1905","e0","0.427720153339605"
"GBRSCO","1906","e0","0.404802153818379"
"GBRSCO","1907","e0","0.402793640610961"
"GBRSCO","1908","e0","0.414754565241029"
"GBRSCO","1909","e0","0.3866380941053"
"GBRSCO","1910","e0","0.394882981924508"
"GBRSCO","1911","e0","0.392469923226605"
"GBRSCO","1912","e0","0.388790184028394"
"GBRSCO","1913","e0","0.383827564981634"
"GBRSCO","1914","e0","0.389209723003869"
"GBRSCO","1915","e0","0.406339947877485"
"GBRSCO","1916","e0","0.373292319044273"
"GBRSCO","1917","e0","0.374612523900574"
"GBRSCO","1918","e0","0.482987380665281"
"GBRSCO","1919","e0","0.404190047298526"
"GBRSCO","1920","e0","0.371900224730809"
"GBRSCO","1921","e0","0.338592648182275"
"GBRSCO","1922","e0","0.352039031883095"
"GBRSCO","1923","e0","0.31788403238342"
"GBRSCO","1924","e0","0.340954718539233"
"GBRSCO","1925","e0","0.329085466981901"
"GBRSCO","1926","e0","0.318863617442049"
"GBRSCO","1927","e0","0.32660715379527"
"GBRSCO","1928","e0","0.324982974505638"
"GBRSCO","1929","e0","0.32383376540788"
"GBRSCO","1930","e0","0.315315758892644"
"GBRSCO","1931","e0","0.313113417219615"
"GBRSCO","1932","e0","0.310071262748213"
"GBRSCO","1933","e0","0.298243332443048"
"GBRSCO","1934","e0","0.300808224780702"
"GBRSCO","1935","e0","0.289193724717337"
"GBRSCO","1936","e0","0.29580314407314"
"GBRSCO","1937","e0","0.291825941816462"
"GBRSCO","1938","e0","0.280659807513277"
"GBRSCO","1939","e0","0.269072022130014"
"GBRSCO","1940","e0","0.290286127561946"
"GBRSCO","1941","e0","0.309669"
"GBRSCO","1942","e0","0.291751803315081"
"GBRSCO","1943","e0","0.292490415057915"
"GBRSCO","1944","e0","0.293968508700906"
"GBRSCO","1945","e0","0.264809487194759"
"GBRSCO","1946","e0","0.250272284259801"
"GBRSCO","1947","e0","0.241062067642324"
"GBRSCO","1948","e0","0.223804472242249"
"GBRSCO","1949","e0","0.21483193796776"
"GBRSCO","1950","e0","0.20565508591267"
"GBRSCO","1951","e0","0.200573543846373"
"GBRSCO","1952","e0","0.196236552541892"
"GBRSCO","1953","e0","0.196292582990203"
"GBRSCO","1954","e0","0.191035429156082"
"GBRSCO","1955","e0","0.188779233694581"
"GBRSCO","1956","e0","0.185738581905299"
"GBRSCO","1957","e0","0.189318792621908"
"GBRSCO","1958","e0","0.183101192394799"
"GBRSCO","1959","e0","0.183109451969824"
"GBRSCO","1960","e0","0.184568577667041"
"GBRSCO","1961","e0","0.18047084798995"
"GBRSCO","1962","e0","0.183392876401345"
"GBRSCO","1963","e0","0.179577078428631"
"GBRSCO","1964","e0","0.181000938564647"
"GBRSCO","1965","e0","0.178483126456649"
"GBRSCO","1966","e0","0.177762533059577"
"GBRSCO","1967","e0","0.178776643312456"
"GBRSCO","1968","e0","0.17793587415981"
"GBRSCO","1969","e0","0.176125929438014"
"GBRSCO","1970","e0","0.174560982001938"
"GBRSCO","1971","e0","0.175902024871474"
"GBRSCO","1972","e0","0.171181602387894"
"GBRSCO","1973","e0","0.173175302965632"
"GBRSCO","1974","e0","0.17232779833795"
"GBRSCO","1975","e0","0.171444502286269"
"GBRSCO","1976","e0","0.16771031075388"
"GBRSCO","1977","e0","0.17083276088938"
"GBRSCO","1978","e0","0.166961021805134"
"GBRSCO","1979","e0","0.165793271972414"
"GBRSCO","1980","e0","0.164373880269305"
"GBRSCO","1981","e0","0.16321197605364"
"GBRSCO","1982","e0","0.160870920386763"
"GBRSCO","1983","e0","0.15919771730273"
"GBRSCO","1984","e0","0.1596495222478"
"GBRSCO","1985","e0","0.156619614746544"
"GBRSCO","1986","e0","0.156821839145715"
"GBRSCO","1987","e0","0.156252433158037"
"GBRSCO","1988","e0","0.159128659894779"
"GBRSCO","1989","e0","0.152031172907194"
"GBRSCO","1990","e0","0.15534498192755"
"GBRSCO","1991","e0","0.15440870293529"
"GBRSCO","1992","e0","0.152286508412951"
"GBRSCO","1993","e0","0.149325464339648"
"GBRSCO","1994","e0","0.151098857465825"
"GBRSCO","1995","e0","0.150680793462851"
"GBRSCO","1996","e0","0.150854355645583"
"GBRSCO","1997","e0","0.149859879634941"
"GBRSCO","1998","e0","0.151598504097827"
"GBRSCO","1999","e0","0.149121059011288"
"GBRSCO","2000","e0","0.150383985099509"
"GBRSCO","2001","e0","0.150860755184421"
"GBRSCO","2002","e0","0.151108800514734"
"GBRSCO","2003","e0","0.146498221537672"
"GBRSCO","2004","e0","0.147578845922144"
"GBRSCO","2005","e0","0.145581480999745"
"GBRSCO","2006","e0","0.148106112771636"
"GBRSCO","2007","e0","0.146550408133789"
"GBRSCO","2008","e0","0.146232602642559"
"GBRSCO","2009","e0","0.144360747542223"
"GBRSCO","2010","e0","0.142208309356137"
"GBRSCO","2011","e0","0.141428680426065"
"GBRSCO","2012","e0","0.139504712658069"
"GBRSCO","2013","e0","0.137948502771536"
"GBRSCO","2014","e0","0.137051682005973"
"GBRSCO","2015","e0","0.136402279955179"
"GBRSCO","2016","e0","0.140495831997021"
"GBRSCO","2017","e0","0.137866175449028"
"NLD","1878","e0","0.570532624175824"
"NLD","1879","e0","0.535544000629855"
"NLD","1880","e0","0.567633179514942"
"NLD","1881","e0","0.543788912987844"
"NLD","1882","e0","0.543231821504917"
"NLD","1883","e0","0.543020077281389"
"NLD","1884","e0","0.556284735809242"
"NLD","1885","e0","0.540783916419805"
"NLD","1886","e0","0.531041889069815"
"NLD","1887","e0","0.506012721754808"
"NLD","1888","e0","0.494209220914263"
"NLD","1889","e0","0.496862498334966"
"NLD","1890","e0","0.506456025876121"
"NLD","1891","e0","0.503540077326873"
"NLD","1892","e0","0.502662767181781"
"NLD","1893","e0","0.497476395460936"
"NLD","1894","e0","0.482258544665746"
"NLD","1895","e0","0.467252916888046"
"NLD","1896","e0","0.467142718924111"
"NLD","1897","e0","0.454111847656991"
"NLD","1898","e0","0.45611741810994"
"NLD","1899","e0","0.477860590707071"
"NLD","1900","e0","0.467430714566929"
"NLD","1901","e0","0.471774332623427"
"NLD","1902","e0","0.43623101682243"
"NLD","1903","e0","0.435355418860878"
"NLD","1904","e0","0.436586178254438"
"NLD","1905","e0","0.430613218062088"
"NLD","1906","e0","0.409860014623578"
"NLD","1907","e0","0.395030876190476"
"NLD","1908","e0","0.405774230155854"
"NLD","1909","e0","0.373122978835053"
"NLD","1910","e0","0.381549393939394"
"NLD","1911","e0","0.39599035857067"
"NLD","1912","e0","0.364424744099379"
"NLD","1913","e0","0.360522071016267"
"NLD","1914","e0","0.365203249208583"
"NLD","1915","e0","0.362672901844886"
"NLD","1916","e0","0.362927981904427"
"NLD","1917","e0","0.360495415435425"
"NLD","1918","e0","0.49855651039501"
"NLD","1919","e0","0.388530890303802"
"NLD","1920","e0","0.345908510072942"
"NLD","1921","e0","0.322400980398727"
"NLD","1922","e0","0.305003005147791"
"NLD","1923","e0","0.292353642357513"
"NLD","1924","e0","0.288922903207764"
"NLD","1925","e0","0.283852591716941"
"NLD","1926","e0","0.283848709969201"
"NLD","1927","e0","0.284257890689598"
"NLD","1928","e0","0.276696959862723"
"NLD","1929","e0","0.277318957005068"
"NLD","1930","e0","0.268789840141638"
"NLD","1931","e0","0.259555624372876"
"NLD","1932","e0","0.250578351787133"
"NLD","1933","e0","0.24224473828751"
"NLD","1934","e0","0.243356774483083"
"NLD","1935","e0","0.236097556438442"
"NLD","1936","e0","0.236659089880202"
"NLD","1937","e0","0.231632953058972"
"NLD","1938","e0","0.231118891533896"
"NLD","1939","e0","0.217953665037652"
"NLD","1940","e0","0.24200719770572"
"NLD","1941","e0","0.23693091543379"
"NLD","1942","e0","0.233008749889004"
"NLD","1943","e0","0.253375766884467"
"NLD","1944","e0","0.281629691389728"
"NLD","1945","e0","0.313539611375819"
"NLD","1946","e0","0.23555092012873"
"NLD","1947","e0","0.210746582321089"
"NLD","1948","e0","0.200970911578947"
"NLD","1949","e0","0.192843413557858"
"NLD","1950","e0","0.186221207988547"
"NLD","1951","e0","0.18565824094803"
"NLD","1952","e0","0.181487858932122"
"NLD","1953","e0","0.182919261834446"
"NLD","1954","e0","0.177751919362122"
"NLD","1955","e0","0.175108571259676"
"NLD","1956","e0","0.172582629791432"
"NLD","1957","e0","0.174171731448763"
"NLD","1958","e0","0.171011988452398"
"NLD","1959","e0","0.17376933394803"
"NLD","1960","e0","0.171769344581696"
"NLD","1961","e0","0.173474214391401"
"NLD","1962","e0","0.172330733912556"
"NLD","1963","e0","0.1699629849294"
"NLD","1964","e0","0.174656008517174"
"NLD","1965","e0","0.17091838436019"
"NLD","1966","e0","0.171588769654788"
"NLD","1967","e0","0.17330163329158"
"NLD","1968","e0","0.170490172416678"
"NLD","1969","e0","0.171201726342212"
"NLD","1970","e0","0.169603911920255"
"NLD","1971","e0","0.169146211421426"
"NLD","1972","e0","0.167723355685131"
"NLD","1973","e0","0.166243197283814"
"NLD","1974","e0","0.166749436288089"
"NLD","1975","e0","0.162690563724539"
"NLD","1976","e0","0.16268553597561"
"NLD","1977","e0","0.164481277337384"
"NLD","1978","e0","0.161727919569418"
"NLD","1979","e0","0.160443155062069"
"NLD","1980","e0","0.159104226243474"
"NLD","1981","e0","0.156301171223317"
"NLD","1982","e0","0.155157032003268"
"NLD","1983","e0","0.153261783973924"
"NLD","1984","e0","0.153207017454299"
"NLD","1985","e0","0.150898443656818"
"NLD","1986","e0","0.15036329837794"
"NLD","1987","e0","0.150211047384035"
"NLD","1988","e0","0.148855869971671"
"NLD","1989","e0","0.145270633565124"
"NLD","1990","e0","0.145928283478145"
"NLD","1991","e0","0.144364088805871"
"NLD","1992","e0","0.143279061438429"
"NLD","1993","e0","0.140819624188634"
"NLD","1994","e0","0.139788741324921"
"NLD","1995","e0","0.138737071777369"
"NLD","1996","e0","0.137502671066388"
"NLD","1997","e0","0.136203037470665"
"NLD","1998","e0","0.135862879901132"
"NLD","1999","e0","0.134215398105618"
"NLD","2000","e0","0.133873811398294"
"NLD","2001","e0","0.133427207634769"
"NLD","2002","e0","0.131760432762836"
"NLD","2003","e0","0.130265879373636"
"NLD","2004","e0","0.129719683241863"
"NLD","2005","e0","0.127482974368783"
"NLD","2006","e0","0.126516222645825"
"NLD","2007","e0","0.125304631306221"
"NLD","2008","e0","0.124613426450879"
"NLD","2009","e0","0.124779344882783"
"NLD","2010","e0","0.123750091008551"
"NLD","2011","e0","0.123232659185464"
"NLD","2012","e0","0.122038901339677"
"NLD","2013","e0","0.121217447640449"
"NLD","2014","e0","0.120872341164759"
"NLD","2015","e0","0.119373221364542"
"NLD","2016","e0","0.118791346307559"
"NLD","2017","e0","0.118711130001239"
"SWE","1878","ec0","0.515649388818993"
"SWE","1879","ec0","0.498129181300975"
"SWE","1880","ec0","0.499946779680957"
"SWE","1881","ec0","0.491800580980625"
"SWE","1882","ec0","0.491423653593997"
"SWE","1883","ec0","0.48450642729232"
"SWE","1884","ec0","0.475996459810188"
"SWE","1885","ec0","0.467264108824094"
"SWE","1886","ec0","0.463183790549828"
"SWE","1887","ec0","0.454771465278304"
"SWE","1888","ec0","0.450231899226999"
"SWE","1889","ec0","0.454889554557489"
"SWE","1890","ec0","0.454253942938066"
"SWE","1891","ec0","0.448271528812606"
"SWE","1892","ec0","0.431789073107386"
"SWE","1893","ec0","0.422428961816192"
"SWE","1894","ec0","0.423213983415525"
"SWE","1895","ec0","0.417669616267248"
"SWE","1896","ec0","0.417313474751491"
"SWE","1897","ec0","0.405028769294012"
"SWE","1898","ec0","0.41128446688825"
"SWE","1899","ec0","0.410446035294118"
"SWE","1900","ec0","0.400301907641844"
"SWE","1901","ec0","0.383846527201532"
"SWE","1902","ec0","0.365690332503835"
"SWE","1903","ec0","0.357303730276933"
"SWE","1904","ec0","0.348502128117686"
"SWE","1905","ec0","0.345003678071928"
"SWE","1906","ec0","0.339881702660278"
"SWE","1907","ec0","0.330344373603398"
"SWE","1908","ec0","0.330029488634879"
"SWE","1909","ec0","0.316424006748072"
"SWE","1910","ec0","0.321491746737554"
"SWE","1911","ec0","0.312742787426201"
"SWE","1912","ec0","0.307476990659689"
"SWE","1913","ec0","0.307163689470356"
"SWE","1914","ec0","0.316790641855276"
"SWE","1915","ec0","0.307511225378788"
"SWE","1916","ec0","0.296386162270607"
"SWE","1917","ec0","0.289751017322227"
"SWE","1918","ec0","0.295192134118011"
"SWE","1919","ec0","0.279609202250951"
"SWE","1920","ec0","0.281959099223626"
"SWE","1921","ec0","0.268415483814942"
"SWE","1922","ec0","0.269971924378556"
"SWE","1923","ec0","0.265199191431541"
"SWE","1924","ec0","0.25859780534846"
"SWE","1925","ec0","0.25746106439906"
"SWE","1926","ec0","0.255916167071564"
"DNK","1878","ec0","0.488671479448276"
"DNK","1879","ec0","0.501464771687949"
"DNK","1880","ec0","0.483045629904353"
"DNK","1881","ec0","0.476041524873786"
"DNK","1882","ec0","0.482790530409357"
"DNK","1883","ec0","0.472427364033224"
"DNK","1884","ec0","0.462977290810295"
"DNK","1885","ec0","0.460466838543449"
"DNK","1886","ec0","0.47484708455457"
"DNK","1887","ec0","0.469518705652424"
"DNK","1888","ec0","0.467793213977055"
"DNK","1889","ec0","0.476955884017737"
"DNK","1890","ec0","0.454296738920241"
"DNK","1891","ec0","0.453932698871544"
"DNK","1892","ec0","0.450859713527204"
"DNK","1893","ec0","0.437886422789493"
"DNK","1894","ec0","0.418721072951414"
"DNK","1895","ec0","0.411809907708934"
"DNK","1896","ec0","0.402357888978063"
"DNK","1897","ec0","0.400689921584017"
"DNK","1898","ec0","0.407968746355476"
"DNK","1899","ec0","0.409091046036036"
"DNK","1900","ec0","0.389687807929515"
"DNK","1901","ec0","0.384793584058225"
"DNK","1902","ec0","0.359557593752134"
"DNK","1903","ec0","0.357413245177232"
"DNK","1904","ec0","0.359140063091375"
"DNK","1905","ec0","0.352713195878562"
"DNK","1906","ec0","0.349046512216965"
"DNK","1907","ec0","0.352484411184545"
"DNK","1908","ec0","0.346193401092437"
"DNK","1909","ec0","0.326246921948009"
"DNK","1910","ec0","0.325488276737705"
"DNK","1911","ec0","0.322586062877674"
"DNK","1912","ec0","0.312266326500968"
"DNK","1913","ec0","0.316208149716783"
"DNK","1914","ec0","0.322170808820179"
"DNK","1915","ec0","0.320853864423858"
"DNK","1916","ec0","0.321011069985382"
"DNK","1917","ec0","0.300848285148042"
"DNK","1918","ec0","0.302445737285169"
"DNK","1919","ec0","0.298425717239196"
"DNK","1920","ec0","0.292265303616921"
"DNK","1921","ec0","0.288923147801596"
"DNK","1922","ec0","0.296374694897638"
"DNK","1923","ec0","0.292396425818068"
"DNK","1924","ec0","0.290294962221876"
"DNK","1925","ec0","0.288558652999535"
"DNK","1926","ec0","0.29016726248453"
"FRATNP","1878","ec0","0.611096937968042"
"FRATNP","1879","ec0","0.624338888256659"
"FRATNP","1880","ec0","0.613332291347992"
"FRATNP","1881","ec0","0.644477657242236"
"FRATNP","1882","ec0","0.646068406600249"
"FRATNP","1883","ec0","0.652887312938816"
"FRATNP","1884","ec0","0.656507160889224"
"FRATNP","1885","ec0","0.626851177173385"
"FRATNP","1886","ec0","0.654335349149575"
"FRATNP","1887","ec0","0.662939614928012"
"FRATNP","1888","ec0","0.666808161248736"
"FRATNP","1889","ec0","0.680961433666923"
"FRATNP","1890","ec0","0.665208033064313"
"FRATNP","1891","ec0","0.699879796071242"
"FRATNP","1892","ec0","0.722008867994616"
"FRATNP","1893","ec0","0.692909869837167"
"FRATNP","1894","ec0","0.715025309594883"
"FRATNP","1895","ec0","0.689706307237012"
"FRATNP","1896","ec0","0.675071110744841"
"FRATNP","1897","ec0","0.597158140809827"
"FRATNP","1898","ec0","0.596116052094182"
"FRATNP","1899","ec0","0.547251856644554"
"FRATNP","1900","ec0","0.523698444389027"
"FRATNP","1901","ec0","0.50379828990453"
"FRATNP","1902","ec0","0.4918740534"
"FRATNP","1903","ec0","0.494496774490204"
"FRATNP","1904","ec0","0.495252486624077"
"FRATNP","1905","ec0","0.483205532396857"
"FRATNP","1906","ec0","0.467383904223722"
"FRATNP","1907","ec0","0.466314384444018"
"FRATNP","1908","ec0","0.465579461902028"
"FRATNP","1909","ec0","0.451824767769216"
"FRATNP","1910","ec0","0.458388610914232"
"FRATNP","1911","ec0","0.482246679441233"
"FRATNP","1912","ec0","0.437992399102071"
"FRATNP","1913","ec0","0.444648780172889"
"FRATNP","1914","ec0","0.451352075498891"
"FRATNP","1915","ec0","0.469504375635474"
"FRATNP","1916","ec0","0.490837971134615"
"FRATNP","1917","ec0","0.502707032374101"
"FRATNP","1918","ec0","0.498293077464244"
"FRATNP","1919","ec0","0.484972610733283"
"FRATNP","1920","ec0","0.409823985469787"
"FRATNP","1921","ec0","0.410011779085535"
"FRATNP","1922","ec0","0.38523811367478"
"FRATNP","1923","ec0","0.387818905108254"
"FRATNP","1924","ec0","0.373716242251413"
"FRATNP","1925","ec0","0.360064437291462"
"FRATNP","1926","ec0","0.35932398112869"
"GBRTENW","1878","ec0","0.545509760351181"
"GBRTENW","1879","ec0","0.535423110111636"
"GBRTENW","1880","ec0","0.512916130360134"
"GBRTENW","1881","ec0","0.515083733207705"
"GBRTENW","1882","ec0","0.519266076589474"
"GBRTENW","1883","ec0","0.527495326170213"
"GBRTENW","1884","ec0","0.532268940694683"
"GBRTENW","1885","ec0","0.534813356291533"
"GBRTENW","1886","ec0","0.543133341073361"
"GBRTENW","1887","ec0","0.542281431359412"
"GBRTENW","1888","ec0","0.551173032962963"
"GBRTENW","1889","ec0","0.565014494683208"
"GBRTENW","1890","ec0","0.557410676808417"
"GBRTENW","1891","ec0","0.572155308071349"
"GBRTENW","1892","ec0","0.570697799933393"
"GBRTENW","1893","ec0","0.573028361262266"
"GBRTENW","1894","ec0","0.576467224854975"
"GBRTENW","1895","ec0","0.586785671860885"
"GBRTENW","1896","ec0","0.577530231527313"
"GBRTENW","1897","ec0","0.577337784226919"
"GBRTENW","1898","ec0","0.560621282766884"
"GBRTENW","1899","ec0","0.530250409207754"
"GBRTENW","1900","ec0","0.482497720295941"
"GBRTENW","1901","ec0","0.463744525561853"
"GBRTENW","1902","ec0","0.442792809395845"
"GBRTENW","1903","ec0","0.445426785771505"
"GBRTENW","1904","ec0","0.44093100466174"
"GBRTENW","1905","ec0","0.428725276455224"
"GBRTENW","1906","ec0","0.421536138232575"
"GBRTENW","1907","ec0","0.409848786983433"
"GBRTENW","1908","ec0","0.407153248239564"
"GBRTENW","1909","ec0","0.401980531329854"
"GBRTENW","1910","ec0","0.413708156927273"
"GBRTENW","1911","ec0","0.404353455926724"
"GBRTENW","1912","ec0","0.387896059390952"
"GBRTENW","1913","ec0","0.399532441067616"
"GBRTENW","1914","ec0","0.398028770465034"
"GBRTENW","1915","ec0","0.385861743253622"
"GBRTENW","1916","ec0","0.384960956901064"
"GBRTENW","1917","ec0","0.373994916500858"
"GBRTENW","1918","ec0","0.388082457520891"
"GBRTENW","1919","ec0","0.348544993926858"
"GBRTENW","1920","ec0","0.36304868346043"
"GBRTENW","1921","ec0","0.348124319828014"
"GBRTENW","1922","ec0","0.341576309923039"
"GBRTENW","1923","ec0","0.341004038281888"
"GBRTENW","1924","ec0","0.339703977266818"
"GBRTENW","1925","ec0","0.331124578687209"
"GBRTENW","1926","ec0","0.319903502387352"
"NOR","1878","ec0","0.493556918774548"
"NOR","1879","ec0","0.486597945918566"
"NOR","1880","ec0","0.506268803447589"
"NOR","1881","ec0","0.496271533038348"
"NOR","1882","ec0","0.492513126656213"
"NOR","1883","ec0","0.473693660979827"
"NOR","1884","ec0","0.487827605384315"
"NOR","1885","ec0","0.468400377622779"
"NOR","1886","ec0","0.466857830707763"
"NOR","1887","ec0","0.453874311443067"
"NOR","1888","ec0","0.471417602414718"
"NOR","1889","ec0","0.461986712606474"
"NOR","1890","ec0","0.451525712716328"
"NOR","1891","ec0","0.446903186498599"
"NOR","1892","ec0","0.437073332262235"
"NOR","1893","ec0","0.4301835374106"
"NOR","1894","ec0","0.424834689482319"
"NOR","1895","ec0","0.416684944400217"
"NOR","1896","ec0","0.415071610914348"
"NOR","1897","ec0","0.414108001982696"
"NOR","1898","ec0","0.413283822594595"
"NOR","1899","ec0","0.409350718719655"
"NOR","1900","ec0","0.388772622411972"
"NOR","1901","ec0","0.380327113698869"
"NOR","1902","ec0","0.364132762102564"
"NOR","1903","ec0","0.361744872778345"
"NOR","1904","ec0","0.356249953887854"
"NOR","1905","ec0","0.35133830059012"
"NOR","1906","ec0","0.335141675533499"
"NOR","1907","ec0","0.333060921906961"
"NOR","1908","ec0","0.328649479290524"
"NOR","1909","ec0","0.320436494408322"
"NOR","1910","ec0","0.318402196226109"
"NOR","1911","ec0","0.312893784847997"
"NOR","1912","ec0","0.312050877313625"
"NOR","1913","ec0","0.307869607648092"
"NOR","1914","ec0","0.308863620546413"
"NOR","1915","ec0","0.312168431779593"
"NOR","1916","ec0","0.300568222814229"
"NOR","1917","ec0","0.293574146032243"
"NOR","1918","ec0","0.295263109590113"
"NOR","1919","ec0","0.285266098609179"
"NOR","1920","ec0","0.276573746874522"
"NOR","1921","ec0","0.274603396251143"
"NOR","1922","ec0","0.268236567274921"
"NOR","1923","ec0","0.256054493006993"
"NOR","1924","ec0","0.255623239899289"
"NOR","1925","ec0","0.251424195244386"
"NOR","1926","ec0","0.251040183409058"
"FIN","1878","ec0","0.643032737437687"
"FIN","1879","ec0","0.656848142438037"
"FIN","1880","ec0","0.680583707915158"
"FIN","1881","ec0","0.657426011270802"
"FIN","1882","ec0","0.642930369688667"
"FIN","1883","ec0","0.634304284624846"
"FIN","1884","ec0","0.642871328025794"
"FIN","1885","ec0","0.623934455439534"
"FIN","1886","ec0","0.614303063275613"
"FIN","1887","ec0","0.628632795343735"
"FIN","1888","ec0","0.63381844616512"
"FIN","1889","ec0","0.633203729795022"
"FIN","1890","ec0","0.631151734938001"
"FIN","1891","ec0","0.627812677232035"
"FIN","1892","ec0","0.607332340188902"
"FIN","1893","ec0","0.57810306127923"
"FIN","1894","ec0","0.581649014981618"
"FIN","1895","ec0","0.596309682074592"
"FIN","1896","ec0","0.615180718815414"
"FIN","1897","ec0","0.611657350319375"
"FIN","1898","ec0","0.62248403250774"
"FIN","1899","ec0","0.624213281597718"
"FIN","1900","ec0","0.605028343365922"
"FIN","1901","ec0","0.583208336991593"
"FIN","1902","ec0","0.561382904439512"
"FIN","1903","ec0","0.553904417273924"
"FIN","1904","ec0","0.561523453917663"
"FIN","1905","ec0","0.549984939306736"
"FIN","1906","ec0","0.5367224979824"
"FIN","1907","ec0","0.530930001383862"
"FIN","1908","ec0","0.532616046778652"
"FIN","1909","ec0","0.524246982670036"
"FIN","1910","ec0","0.522826634935965"
"FIN","1911","ec0","0.523992739178714"
"FIN","1912","ec0","0.527521305792235"
"FIN","1913","ec0","0.534399088691609"
"FIN","1914","ec0","0.535443933536971"
"FIN","1915","ec0","0.548927341966376"
"FIN","1916","ec0","0.560265196886408"
"FIN","1917","ec0","0.556479880944243"
"FIN","1918","ec0","0.559140551013009"
"FIN","1919","ec0","0.49620560061569"
"FIN","1920","ec0","0.497760371073064"
"FIN","1921","ec0","0.485601426940372"
"FIN","1922","ec0","0.486814147495615"
"FIN","1923","ec0","0.463776786363636"
"FIN","1924","ec0","0.429283140289855"
"FIN","1925","ec0","0.400332728573931"
"FIN","1926","ec0","0.389081338657927"
"ITA","1878","ec0","0.74448990724256"
"ITA","1879","ec0","0.757089439689757"
"ITA","1880","ec0","0.794042624841292"
"ITA","1881","ec0","0.834728958258606"
"ITA","1882","ec0","0.763068084748932"
"ITA","1883","ec0","0.743184329835122"
"ITA","1884","ec0","0.724699398997172"
"ITA","1885","ec0","0.731802339191291"
"ITA","1886","ec0","0.735065604963618"
"ITA","1887","ec0","0.725603862338668"
"ITA","1888","ec0","0.719594255757421"
"ITA","1889","ec0","0.725144109589041"
"ITA","1890","ec0","0.731224790927942"
"ITA","1891","ec0","0.730490713641106"
"ITA","1892","ec0","0.733331153013627"
"ITA","1893","ec0","0.73296039968537"
"ITA","1894","ec0","0.738672229095226"
"ITA","1895","ec0","0.734423847169811"
"ITA","1896","ec0","0.704180232767359"
"ITA","1897","ec0","0.675077578777506"
"ITA","1898","ec0","0.643077322310944"
"ITA","1899","ec0","0.616839995144746"
"ITA","1900","ec0","0.598689125183049"
"ITA","1901","ec0","0.585328746560384"
"ITA","1902","ec0","0.576323333181522"
"ITA","1903","ec0","0.556485047841727"
"ITA","1904","ec0","0.555941526988156"
"ITA","1905","ec0","0.559652703548046"
"ITA","1906","ec0","0.550348189072294"
"ITA","1907","ec0","0.549079634636988"
"ITA","1908","ec0","0.553126640037594"
"ITA","1909","ec0","0.529172890693911"
"ITA","1910","ec0","0.531199133069909"
"ITA","1911","ec0","0.521550405297881"
"ITA","1912","ec0","0.506626370488906"
"ITA","1913","ec0","0.514272850867508"
"ITA","1914","ec0","0.533953380767685"
"ITA","1915","ec0","0.547344578494405"
"ITA","1916","ec0","0.548821727897519"
"ITA","1917","ec0","0.561817598187436"
"ITA","1918","ec0","0.581437746181435"
"ITA","1919","ec0","0.509529374263415"
"ITA","1920","ec0","0.508923885389547"
"ITA","1921","ec0","0.493898247578185"
"ITA","1922","ec0","0.467317158364175"
"ITA","1923","ec0","0.457851770605451"
"ITA","1924","ec0","0.450942250706778"
"ITA","1925","ec0","0.431402993888397"
"ITA","1926","ec0","0.414099475169183"
"GBRSCO","1878","ec0","0.511150681701681"
"GBRSCO","1879","ec0","0.510416472462248"
"GBRSCO","1880","ec0","0.51044535557648"
"GBRSCO","1881","ec0","0.503297765995851"
"GBRSCO","1882","ec0","0.497643045178608"
"GBRSCO","1883","ec0","0.495813749514964"
"GBRSCO","1884","ec0","0.495072892285419"
"GBRSCO","1885","ec0","0.490468926081608"
"GBRSCO","1886","ec0","0.4901111204111"
"GBRSCO","1887","ec0","0.486608783200328"
"GBRSCO","1888","ec0","0.48778238591607"
"GBRSCO","1889","ec0","0.50364273625731"
"GBRSCO","1890","ec0","0.501456668809821"
"GBRSCO","1891","ec0","0.495461154337051"
"GBRSCO","1892","ec0","0.481520554611946"
"GBRSCO","1893","ec0","0.480010279455395"
"GBRSCO","1894","ec0","0.472341010128876"
"GBRSCO","1895","ec0","0.474277958108108"
"GBRSCO","1896","ec0","0.47694126182002"
"GBRSCO","1897","ec0","0.484869910825688"
"GBRSCO","1898","ec0","0.476333420080972"
"GBRSCO","1899","ec0","0.472761077192277"
"GBRSCO","1900","ec0","0.465789926249751"
"GBRSCO","1901","ec0","0.452163515251911"
"GBRSCO","1902","ec0","0.44004956248068"
"GBRSCO","1903","ec0","0.445147347680963"
"GBRSCO","1904","ec0","0.441862038416988"
"GBRSCO","1905","ec0","0.434370502140673"
"GBRSCO","1906","ec0","0.429872615235562"
"GBRSCO","1907","ec0","0.426373820388167"
"GBRSCO","1908","ec0","0.42415379988726"
"GBRSCO","1909","ec0","0.416148326812942"
"GBRSCO","1910","ec0","0.417676363330858"
"GBRSCO","1911","ec0","0.414432946935007"
"GBRSCO","1912","ec0","0.420172726832436"
"GBRSCO","1913","ec0","0.42148960096225"
"GBRSCO","1914","ec0","0.432558999850243"
"GBRSCO","1915","ec0","0.416654254063475"
"GBRSCO","1916","ec0","0.409538627340756"
"GBRSCO","1917","ec0","0.405962480336469"
"GBRSCO","1918","ec0","0.434678603619403"
"GBRSCO","1919","ec0","0.412506048780488"
"GBRSCO","1920","ec0","0.419357189710729"
"GBRSCO","1921","ec0","0.384347230786753"
"GBRSCO","1922","ec0","0.372676997478846"
"GBRSCO","1923","ec0","0.369870397232726"
"GBRSCO","1924","ec0","0.369274579538462"
"GBRSCO","1925","ec0","0.355714194539651"
"GBRSCO","1926","ec0","0.346844462286094"
"NLD","1878","ec0","0.601055268139638"
"NLD","1879","ec0","0.604841164195619"
"NLD","1880","ec0","0.609938624533748"
"NLD","1881","ec0","0.584589230978613"
"NLD","1882","ec0","0.577260373453222"
"NLD","1883","ec0","0.584328123022203"
"NLD","1884","ec0","0.575626849530717"
"NLD","1885","ec0","0.548623917433665"
"NLD","1886","ec0","0.55542536868476"
"NLD","1887","ec0","0.531150815918782"
"NLD","1888","ec0","0.531367235390863"
"NLD","1889","ec0","0.539961590415728"
"NLD","1890","ec0","0.5316103438846"
"NLD","1891","ec0","0.51363354049092"
"NLD","1892","ec0","0.50492086854998"
"NLD","1893","ec0","0.500209410925197"
"NLD","1894","ec0","0.478642953347482"
"NLD","1895","ec0","0.486876382856587"
"NLD","1896","ec0","0.460531790569968"
"NLD","1897","ec0","0.468410584318225"
"NLD","1898","ec0","0.467900074202788"
"NLD","1899","ec0","0.47161133852789"
"NLD","1900","ec0","0.470886011724138"
"NLD","1901","ec0","0.450965352608859"
"NLD","1902","ec0","0.42584129857404"
"NLD","1903","ec0","0.431363773969831"
"NLD","1904","ec0","0.416729496449918"
"NLD","1905","ec0","0.41051128456968"
"NLD","1906","ec0","0.403749149105866"
"NLD","1907","ec0","0.391939722165313"
"NLD","1908","ec0","0.388760488568414"
"NLD","1909","ec0","0.367348361430045"
"NLD","1910","ec0","0.379299111309937"
"NLD","1911","ec0","0.386518877272727"
"NLD","1912","ec0","0.345572902995816"
"NLD","1913","ec0","0.353141841858899"
"NLD","1914","ec0","0.358232096145393"
"NLD","1915","ec0","0.352266365547347"
"NLD","1916","ec0","0.354356925605653"
"NLD","1917","ec0","0.36090133414346"
"NLD","1918","ec0","0.352247336893204"
"NLD","1919","ec0","0.320171641190707"
"NLD","1920","ec0","0.31512194800064"
"NLD","1921","ec0","0.319347744337504"
"NLD","1922","ec0","0.294041578987539"
"NLD","1923","ec0","0.288192870397279"
"NLD","1924","ec0","0.285448101923373"
"NLD","1925","ec0","0.2810398755233"
"NLD","1926","ec0","0.274144709126624"
